active_days_bucket,players,share_%
0,136724,46.69774749389484
1,53390,18.23522379903342
2,18265,6.238366036511433
3,11222,3.832846628071793
4-5,15210,5.194938265279983
6,5575,1.9041276021654114
7-10,14627,4.995816042488515
11-30,37772,12.900934132554607
