active_days_bucket,total_deposit_amount,share_%
0,1205275.64,7.724728300968044
1,1928618.11,12.360700242872662
2,1881745.99,12.060292286489862
3,1419683.01,9.098885899453258
4-5,2035705.9,13.047036259836483
6,804306.18,5.15487620017733
7-10,1881968.84,12.061720553721639
11-30,4445518.76,28.491760256480724
