bucket,players,share_%
<=5,0,0.0
6-10,3343,2.626884905823465
11-20,4337,3.4079568760264336
21-50,64797,50.91662017428749
51-100,25858,20.318872238942017
101-200,12056,9.47344433879979
201-500,12578,9.883624991159898
501-1000,3871,3.041780278325646
>1000,421,0.3308161966352614
