stage,count,conversion_from_prev
Registrations,292785,
First_Deposit,127261,0.43465683009717027
First_Bet,159166,0.9874431286882863
Active_30d,156061,0.9034844125001571
