gap_bucket,players,share_%
1d,116959,96.79792763266792
2-3d,2470,2.044228159035985
4-7d,770,0.6372695070678982
8-14d,308,0.25490780282715925
15-30d,212,0.17545602012778494
61-180d,41,0.033932532194524447
31-60d,40,0.03310490945807263
>180d,28,0.023173436620650845
same_day,0,0.0
