metric,value
mean,0.33529642489641687
median,0.08390908564814815
p75,0.12877798032407406
max,728.1200347222223
